2025-11-12_13-26-41,0,draft.py:2025-11-12_13-26-41
2025-11-12_13-38-02,0,draft.py:2025-11-12_13-38-02
2025-11-12_13-39-19,7,draft.py:2025-11-12_13-39-19
2025-11-12_13-41-28,7,draft.py:2025-11-12_13-41-28
2025-11-12_13-41-56,0,draft.py:2025-11-12_13-41-56
2025-11-12_13-44-44,---,draft.py:2025-11-12_13-44-44
2025-11-12_13-45-44,7,draft.py:2025-11-12_13-45-44
2025-11-12_13-46-03,14,draft.py:2025-11-12_13-46-03
2025-11-12_13-57-03,---,draft.py:2025-11-12_13-57-03
2025-11-12_13-58-22,7,draft.py:2025-11-12_13-57-03
2025-11-12_14-01-51,14,draft.py:2025-11-12_14-01-51
2025-11-12_14-03-49,7,draft.py:2025-11-12_14-03-49
2025-11-12_14-04-00,14,draft.py:2025-11-12_14-04-00
2025-11-12_14-04-32,14,draft.py:2025-11-12_14-04-32
2025-11-12_14-06-36,14,draft.py:2025-11-12_14-06-36
2025-11-12_14-08-03,14,draft.py:2025-11-12_14-08-03
2025-11-12_14-11-16,7,draft.py:2025-11-12_14-11-16
2025-11-12_14-11-42,7,draft.py:2025-11-12_14-11-42
2025-11-12_14-12-01,7,draft.py:2025-11-12_14-12-01
2025-11-12_14-12-56,14,draft.py:2025-11-12_14-12-56
2025-11-12_14-16-22,14,draft.py:2025-11-12_14-12-56
2025-11-12_14-18-01,14,draft.py:2025-11-12_14-18-01
2025-11-12_14-22-07,21,draft.py:2025-11-12_14-22-07
2025-11-12_14-22-29,7,draft.py:2025-11-12_14-22-29
2025-11-12_14-22-36,21,draft.py:2025-11-12_14-22-36
2025-11-12_14-23-21,7,draft.py:2025-11-12_14-23-21
2025-11-12_14-23-41,21,draft.py:2025-11-12_14-23-41
2025-11-12_14-26-32,21,draft.py:2025-11-12_14-26-32
2025-11-12_14-26-59,35,draft.py:2025-11-12_14-26-59
